[{"model": "auth.permission", "pk": 1, "fields": {"name": "Can add log entry", "content_type": 1, "codename": "add_logentry"}}, {"model": "auth.permission", "pk": 2, "fields": {"name": "Can change log entry", "content_type": 1, "codename": "change_logentry"}}, {"model": "auth.permission", "pk": 3, "fields": {"name": "Can delete log entry", "content_type": 1, "codename": "delete_logentry"}}, {"model": "auth.permission", "pk": 4, "fields": {"name": "Can view log entry", "content_type": 1, "codename": "view_logentry"}}, {"model": "auth.permission", "pk": 5, "fields": {"name": "Can add permission", "content_type": 2, "codename": "add_permission"}}, {"model": "auth.permission", "pk": 6, "fields": {"name": "Can change permission", "content_type": 2, "codename": "change_permission"}}, {"model": "auth.permission", "pk": 7, "fields": {"name": "Can delete permission", "content_type": 2, "codename": "delete_permission"}}, {"model": "auth.permission", "pk": 8, "fields": {"name": "Can view permission", "content_type": 2, "codename": "view_permission"}}, {"model": "auth.permission", "pk": 9, "fields": {"name": "Can add group", "content_type": 3, "codename": "add_group"}}, {"model": "auth.permission", "pk": 10, "fields": {"name": "Can change group", "content_type": 3, "codename": "change_group"}}, {"model": "auth.permission", "pk": 11, "fields": {"name": "Can delete group", "content_type": 3, "codename": "delete_group"}}, {"model": "auth.permission", "pk": 12, "fields": {"name": "Can view group", "content_type": 3, "codename": "view_group"}}, {"model": "auth.permission", "pk": 13, "fields": {"name": "Can add content type", "content_type": 4, "codename": "add_contenttype"}}, {"model": "auth.permission", "pk": 14, "fields": {"name": "Can change content type", "content_type": 4, "codename": "change_contenttype"}}, {"model": "auth.permission", "pk": 15, "fields": {"name": "Can delete content type", "content_type": 4, "codename": "delete_contenttype"}}, {"model": "auth.permission", "pk": 16, "fields": {"name": "Can view content type", "content_type": 4, "codename": "view_contenttype"}}, {"model": "auth.permission", "pk": 17, "fields": {"name": "Can add session", "content_type": 5, "codename": "add_session"}}, {"model": "auth.permission", "pk": 18, "fields": {"name": "Can change session", "content_type": 5, "codename": "change_session"}}, {"model": "auth.permission", "pk": 19, "fields": {"name": "Can delete session", "content_type": 5, "codename": "delete_session"}}, {"model": "auth.permission", "pk": 20, "fields": {"name": "Can view session", "content_type": 5, "codename": "view_session"}}, {"model": "auth.permission", "pk": 21, "fields": {"name": "Can add user", "content_type": 6, "codename": "add_user"}}, {"model": "auth.permission", "pk": 22, "fields": {"name": "Can change user", "content_type": 6, "codename": "change_user"}}, {"model": "auth.permission", "pk": 23, "fields": {"name": "Can delete user", "content_type": 6, "codename": "delete_user"}}, {"model": "auth.permission", "pk": 24, "fields": {"name": "Can view user", "content_type": 6, "codename": "view_user"}}, {"model": "auth.permission", "pk": 25, "fields": {"name": "Can add art", "content_type": 7, "codename": "add_art"}}, {"model": "auth.permission", "pk": 26, "fields": {"name": "Can change art", "content_type": 7, "codename": "change_art"}}, {"model": "auth.permission", "pk": 27, "fields": {"name": "Can delete art", "content_type": 7, "codename": "delete_art"}}, {"model": "auth.permission", "pk": 28, "fields": {"name": "Can view art", "content_type": 7, "codename": "view_art"}}, {"model": "auth.permission", "pk": 29, "fields": {"name": "Can add collection", "content_type": 8, "codename": "add_collection"}}, {"model": "auth.permission", "pk": 30, "fields": {"name": "Can change collection", "content_type": 8, "codename": "change_collection"}}, {"model": "auth.permission", "pk": 31, "fields": {"name": "Can delete collection", "content_type": 8, "codename": "delete_collection"}}, {"model": "auth.permission", "pk": 32, "fields": {"name": "Can view collection", "content_type": 8, "codename": "view_collection"}}, {"model": "auth.permission", "pk": 33, "fields": {"name": "Can add own", "content_type": 9, "codename": "add_own"}}, {"model": "auth.permission", "pk": 34, "fields": {"name": "Can change own", "content_type": 9, "codename": "change_own"}}, {"model": "auth.permission", "pk": 35, "fields": {"name": "Can delete own", "content_type": 9, "codename": "delete_own"}}, {"model": "auth.permission", "pk": 36, "fields": {"name": "Can view own", "content_type": 9, "codename": "view_own"}}, {"model": "auth.permission", "pk": 37, "fields": {"name": "Can add sale", "content_type": 10, "codename": "add_sale"}}, {"model": "auth.permission", "pk": 38, "fields": {"name": "Can change sale", "content_type": 10, "codename": "change_sale"}}, {"model": "auth.permission", "pk": 39, "fields": {"name": "Can delete sale", "content_type": 10, "codename": "delete_sale"}}, {"model": "auth.permission", "pk": 40, "fields": {"name": "Can view sale", "content_type": 10, "codename": "view_sale"}}, {"model": "contenttypes.contenttype", "pk": 1, "fields": {"app_label": "admin", "model": "logentry"}}, {"model": "contenttypes.contenttype", "pk": 2, "fields": {"app_label": "auth", "model": "permission"}}, {"model": "contenttypes.contenttype", "pk": 3, "fields": {"app_label": "auth", "model": "group"}}, {"model": "contenttypes.contenttype", "pk": 4, "fields": {"app_label": "contenttypes", "model": "contenttype"}}, {"model": "contenttypes.contenttype", "pk": 5, "fields": {"app_label": "sessions", "model": "session"}}, {"model": "contenttypes.contenttype", "pk": 6, "fields": {"app_label": "art", "model": "user"}}, {"model": "contenttypes.contenttype", "pk": 7, "fields": {"app_label": "art", "model": "art"}}, {"model": "contenttypes.contenttype", "pk": 8, "fields": {"app_label": "art", "model": "collection"}}, {"model": "contenttypes.contenttype", "pk": 9, "fields": {"app_label": "art", "model": "own"}}, {"model": "contenttypes.contenttype", "pk": 10, "fields": {"app_label": "art", "model": "sale"}}, {"model": "art.collection", "pk": 1, "fields": {"name": "almost-human", "display_name": "Almost Human", "description": "\"Machine-made Man\" \\nAlmost Human compiles faces that don't look quite right. These faces were generated by a GAN deep learning model."}}, {"model": "art.collection", "pk": 2, "fields": {"name": "face-terrors", "display_name": "Face Terrors", "description": "\"Disturbing attempts at creating human faces.\" \\nFace Terrors compiles the worse (or maybe best?) faces generated by a GAN deep learning model."}}, {"model": "art.art", "pk": 1, "fields": {"title": "Alan", "filename": "Alan.png", "rarity": 2, "collection": 1}}, {"model": "art.art", "pk": 2, "fields": {"title": "Ann", "filename": "Ann.png", "rarity": 2, "collection": 1}}, {"model": "art.art", "pk": 3, "fields": {"title": "Barbara", "filename": "Barbara.png", "rarity": 2, "collection": 1}}, {"model": "art.art", "pk": 4, "fields": {"title": "Bernice", "filename": "Bernice.png", "rarity": 2, "collection": 1}}, {"model": "art.art", "pk": 5, "fields": {"title": "Cathy", "filename": "Cathy.png", "rarity": 3, "collection": 1}}, {"model": "art.art", "pk": 6, "fields": {"title": "Charles", "filename": "Charles.png", "rarity": 3, "collection": 1}}, {"model": "art.art", "pk": 7, "fields": {"title": "Cindy", "filename": "Cindy.png", "rarity": 2, "collection": 1}}, {"model": "art.art", "pk": 8, "fields": {"title": "Clara", "filename": "Clara.png", "rarity": 2, "collection": 1}}, {"model": "art.art", "pk": 9, "fields": {"title": "Cynthia", "filename": "Cynthia.png", "rarity": 1, "collection": 1}}, {"model": "art.art", "pk": 10, "fields": {"title": "Darin", "filename": "Darin.png", "rarity": 2, "collection": 1}}, {"model": "art.art", "pk": 11, "fields": {"title": "Darrel", "filename": "Darrel.png", "rarity": 2, "collection": 1}}, {"model": "art.art", "pk": 12, "fields": {"title": "Darryl", "filename": "Darryl.png", "rarity": 1, "collection": 1}}, {"model": "art.art", "pk": 13, "fields": {"title": "Debbie", "filename": "Debbie.png", "rarity": 3, "collection": 1}}, {"model": "art.art", "pk": 14, "fields": {"title": "Debra", "filename": "Debra.png", "rarity": 1, "collection": 1}}, {"model": "art.art", "pk": 15, "fields": {"title": "Dee", "filename": "Dee.png", "rarity": 2, "collection": 1}}, {"model": "art.art", "pk": 16, "fields": {"title": "Denise", "filename": "Denise.png", "rarity": 1, "collection": 1}}, {"model": "art.art", "pk": 17, "fields": {"title": "Donald", "filename": "Donald.png", "rarity": 2, "collection": 1}}, {"model": "art.art", "pk": 18, "fields": {"title": "Edna", "filename": "Edna.png", "rarity": 1, "collection": 1}}, {"model": "art.art", "pk": 19, "fields": {"title": "Erica", "filename": "Erica.png", "rarity": 2, "collection": 1}}, {"model": "art.art", "pk": 20, "fields": {"title": "Eugene", "filename": "Eugene.png", "rarity": 2, "collection": 1}}, {"model": "art.art", "pk": 21, "fields": {"title": "Felipe", "filename": "Felipe.png", "rarity": 2, "collection": 1}}, {"model": "art.art", "pk": 22, "fields": {"title": "Gary", "filename": "Gary.png", "rarity": 2, "collection": 1}}, {"model": "art.art", "pk": 23, "fields": {"title": "Gertrude", "filename": "Gertrude.png", "rarity": 1, "collection": 1}}, {"model": "art.art", "pk": 24, "fields": {"title": "Glen", "filename": "Glen.png", "rarity": 2, "collection": 1}}, {"model": "art.art", "pk": 25, "fields": {"title": "Gustavo", "filename": "Gustavo.png", "rarity": 2, "collection": 1}}, {"model": "art.art", "pk": 26, "fields": {"title": "Helen", "filename": "Helen.png", "rarity": 3, "collection": 1}}, {"model": "art.art", "pk": 27, "fields": {"title": "Hildegard", "filename": "Hildegard.png", "rarity": 1, "collection": 1}}, {"model": "art.art", "pk": 28, "fields": {"title": "Howard", "filename": "Howard.png", "rarity": 3, "collection": 1}}, {"model": "art.art", "pk": 29, "fields": {"title": "Hugh", "filename": "Hugh.png", "rarity": 3, "collection": 1}}, {"model": "art.art", "pk": 30, "fields": {"title": "Israel", "filename": "Israel.png", "rarity": 1, "collection": 1}}, {"model": "art.art", "pk": 31, "fields": {"title": "Iva", "filename": "Iva.png", "rarity": 3, "collection": 1}}, {"model": "art.art", "pk": 32, "fields": {"title": "Jacob", "filename": "Jacob.png", "rarity": 1, "collection": 1}}, {"model": "art.art", "pk": 33, "fields": {"title": "Jeanette", "filename": "Jeanette.png", "rarity": 4, "collection": 1}}, {"model": "art.art", "pk": 34, "fields": {"title": "Jerome", "filename": "Jerome.png", "rarity": 1, "collection": 1}}, {"model": "art.art", "pk": 35, "fields": {"title": "Jo", "filename": "Jo.png", "rarity": 3, "collection": 1}}, {"model": "art.art", "pk": 36, "fields": {"title": "John", "filename": "John.png", "rarity": 3, "collection": 1}}, {"model": "art.art", "pk": 37, "fields": {"title": "Johnny", "filename": "Johnny.png", "rarity": 3, "collection": 1}}, {"model": "art.art", "pk": 38, "fields": {"title": "Jorge", "filename": "Jorge.png", "rarity": 2, "collection": 1}}, {"model": "art.art", "pk": 39, "fields": {"title": "Jose", "filename": "Jose.png", "rarity": 2, "collection": 1}}, {"model": "art.art", "pk": 40, "fields": {"title": "Joshua", "filename": "Joshua.png", "rarity": 2, "collection": 1}}, {"model": "art.art", "pk": 41, "fields": {"title": "Kari", "filename": "Kari.png", "rarity": 1, "collection": 1}}, {"model": "art.art", "pk": 42, "fields": {"title": "Krystal", "filename": "Krystal.png", "rarity": 1, "collection": 1}}, {"model": "art.art", "pk": 43, "fields": {"title": "Lauren", "filename": "Lauren.png", "rarity": 1, "collection": 1}}, {"model": "art.art", "pk": 44, "fields": {"title": "Lavern", "filename": "Lavern.png", "rarity": 1, "collection": 1}}, {"model": "art.art", "pk": 45, "fields": {"title": "Lee", "filename": "Lee.png", "rarity": 2, "collection": 1}}, {"model": "art.art", "pk": 46, "fields": {"title": "Lillian", "filename": "Lillian.png", "rarity": 3, "collection": 1}}, {"model": "art.art", "pk": 47, "fields": {"title": "Martha", "filename": "Martha.png", "rarity": 3, "collection": 1}}, {"model": "art.art", "pk": 48, "fields": {"title": "Mary", "filename": "Mary.png", "rarity": 4, "collection": 1}}, {"model": "art.art", "pk": 49, "fields": {"title": "Monica", "filename": "Monica.png", "rarity": 5, "collection": 1}}, {"model": "art.art", "pk": 50, "fields": {"title": "Nicole", "filename": "Nicole.png", "rarity": 2, "collection": 1}}, {"model": "art.art", "pk": 51, "fields": {"title": "Norma", "filename": "Norma.png", "rarity": 5, "collection": 1}}, {"model": "art.art", "pk": 52, "fields": {"title": "Paul", "filename": "Paul.png", "rarity": 4, "collection": 1}}, {"model": "art.art", "pk": 53, "fields": {"title": "Paulette", "filename": "Paulette.png", "rarity": 2, "collection": 1}}, {"model": "art.art", "pk": 54, "fields": {"title": "Phyllis", "filename": "Phyllis.png", "rarity": 3, "collection": 1}}, {"model": "art.art", "pk": 55, "fields": {"title": "Renee", "filename": "Renee.png", "rarity": 3, "collection": 1}}, {"model": "art.art", "pk": 56, "fields": {"title": "Robert", "filename": "Robert.png", "rarity": 5, "collection": 1}}, {"model": "art.art", "pk": 57, "fields": {"title": "Rosalva", "filename": "Rosalva.png", "rarity": 1, "collection": 1}}, {"model": "art.art", "pk": 58, "fields": {"title": "Ryan", "filename": "Ryan.png", "rarity": 2, "collection": 1}}, {"model": "art.art", "pk": 59, "fields": {"title": "Sharlene", "filename": "Sharlene.png", "rarity": 2, "collection": 1}}, {"model": "art.art", "pk": 60, "fields": {"title": "Stephanie", "filename": "Stephanie.png", "rarity": 4, "collection": 1}}, {"model": "art.art", "pk": 61, "fields": {"title": "Tammy", "filename": "Tammy.png", "rarity": 2, "collection": 1}}, {"model": "art.art", "pk": 62, "fields": {"title": "Thomas", "filename": "Thomas.png", "rarity": 1, "collection": 1}}, {"model": "art.art", "pk": 63, "fields": {"title": "Virginia", "filename": "Virginia.png", "rarity": 1, "collection": 1}}, {"model": "art.art", "pk": 64, "fields": {"title": "Agnes", "filename": "Agnes.png", "rarity": 2, "collection": 2}}, {"model": "art.art", "pk": 65, "fields": {"title": "Anthony", "filename": "Anthony.png", "rarity": 2, "collection": 2}}, {"model": "art.art", "pk": 66, "fields": {"title": "Ashley", "filename": "Ashley.png", "rarity": 5, "collection": 2}}, {"model": "art.art", "pk": 67, "fields": {"title": "Brendan", "filename": "Brendan.png", "rarity": 1, "collection": 2}}, {"model": "art.art", "pk": 68, "fields": {"title": "Charlie", "filename": "Charlie.png", "rarity": 2, "collection": 2}}, {"model": "art.art", "pk": 69, "fields": {"title": "Clarence", "filename": "Clarence.png", "rarity": 1, "collection": 2}}, {"model": "art.art", "pk": 70, "fields": {"title": "Claude", "filename": "Claude.png", "rarity": 3, "collection": 2}}, {"model": "art.art", "pk": 71, "fields": {"title": "Clayton", "filename": "Clayton.png", "rarity": 4, "collection": 2}}, {"model": "art.art", "pk": 72, "fields": {"title": "Dale", "filename": "Dale.png", "rarity": 3, "collection": 2}}, {"model": "art.art", "pk": 73, "fields": {"title": "David", "filename": "David.png", "rarity": 4, "collection": 2}}, {"model": "art.art", "pk": 74, "fields": {"title": "Edward", "filename": "Edward.png", "rarity": 1, "collection": 2}}, {"model": "art.art", "pk": 75, "fields": {"title": "Elizabeth", "filename": "Elizabeth.png", "rarity": 3, "collection": 2}}, {"model": "art.art", "pk": 76, "fields": {"title": "Frank", "filename": "Frank.png", "rarity": 1, "collection": 2}}, {"model": "art.art", "pk": 77, "fields": {"title": "Fred", "filename": "Fred.png", "rarity": 1, "collection": 2}}, {"model": "art.art", "pk": 78, "fields": {"title": "Grace", "filename": "Grace.png", "rarity": 2, "collection": 2}}, {"model": "art.art", "pk": 79, "fields": {"title": "Harriet", "filename": "Harriet.png", "rarity": 2, "collection": 2}}, {"model": "art.art", "pk": 80, "fields": {"title": "Ila", "filename": "Ila.png", "rarity": 1, "collection": 2}}, {"model": "art.art", "pk": 81, "fields": {"title": "James", "filename": "James.png", "rarity": 1, "collection": 2}}, {"model": "art.art", "pk": 82, "fields": {"title": "Jason", "filename": "Jason.png", "rarity": 1, "collection": 2}}, {"model": "art.art", "pk": 83, "fields": {"title": "Jeffrey", "filename": "Jeffrey.png", "rarity": 1, "collection": 2}}, {"model": "art.art", "pk": 84, "fields": {"title": "Joseph", "filename": "Joseph.png", "rarity": 4, "collection": 2}}, {"model": "art.art", "pk": 85, "fields": {"title": "Julie", "filename": "Julie.png", "rarity": 3, "collection": 2}}, {"model": "art.art", "pk": 86, "fields": {"title": "Kathryn", "filename": "Kathryn.png", "rarity": 3, "collection": 2}}, {"model": "art.art", "pk": 87, "fields": {"title": "Kenneth", "filename": "Kenneth.png", "rarity": 1, "collection": 2}}, {"model": "art.art", "pk": 88, "fields": {"title": "Kristy", "filename": "Kristy.png", "rarity": 1, "collection": 2}}, {"model": "art.art", "pk": 89, "fields": {"title": "Linda", "filename": "Linda.png", "rarity": 3, "collection": 2}}, {"model": "art.art", "pk": 90, "fields": {"title": "Lois", "filename": "Lois.png", "rarity": 2, "collection": 2}}, {"model": "art.art", "pk": 91, "fields": {"title": "Lori", "filename": "Lori.png", "rarity": 3, "collection": 2}}, {"model": "art.art", "pk": 92, "fields": {"title": "Mario", "filename": "Mario.png", "rarity": 3, "collection": 2}}, {"model": "art.art", "pk": 93, "fields": {"title": "Mark", "filename": "Mark.png", "rarity": 1, "collection": 2}}, {"model": "art.art", "pk": 94, "fields": {"title": "Melvin", "filename": "Melvin.png", "rarity": 1, "collection": 2}}, {"model": "art.art", "pk": 95, "fields": {"title": "Michele", "filename": "Michele.png", "rarity": 3, "collection": 2}}, {"model": "art.art", "pk": 96, "fields": {"title": "Michelle", "filename": "Michelle.png", "rarity": 1, "collection": 2}}, {"model": "art.art", "pk": 97, "fields": {"title": "Nancy", "filename": "Nancy.png", "rarity": 3, "collection": 2}}, {"model": "art.art", "pk": 98, "fields": {"title": "Ninfa", "filename": "Ninfa.png", "rarity": 2, "collection": 2}}, {"model": "art.art", "pk": 99, "fields": {"title": "Phillip", "filename": "Phillip.png", "rarity": 5, "collection": 2}}, {"model": "art.art", "pk": 100, "fields": {"title": "Randall", "filename": "Randall.png", "rarity": 2, "collection": 2}}, {"model": "art.art", "pk": 101, "fields": {"title": "Robin", "filename": "Robin.png", "rarity": 1, "collection": 2}}, {"model": "art.art", "pk": 102, "fields": {"title": "Sandra", "filename": "Sandra.png", "rarity": 1, "collection": 2}}, {"model": "art.art", "pk": 103, "fields": {"title": "Shane", "filename": "Shane.png", "rarity": 4, "collection": 2}}, {"model": "art.art", "pk": 104, "fields": {"title": "Steven", "filename": "Steven.png", "rarity": 1, "collection": 2}}, {"model": "art.art", "pk": 105, "fields": {"title": "Tamiko", "filename": "Tamiko.png", "rarity": 1, "collection": 2}}, {"model": "art.art", "pk": 106, "fields": {"title": "Thelma", "filename": "Thelma.png", "rarity": 1, "collection": 2}}, {"model": "art.art", "pk": 107, "fields": {"title": "Timothy", "filename": "Timothy.png", "rarity": 3, "collection": 2}}, {"model": "art.art", "pk": 108, "fields": {"title": "Victoria", "filename": "Victoria.png", "rarity": 2, "collection": 2}}, {"model": "art.art", "pk": 109, "fields": {"title": "William", "filename": "William.png", "rarity": 5, "collection": 2}}, {"model": "art.user", "pk": 1, "fields": {"password": "pbkdf2_sha256$260000$JX2KCOXjXiTtR2lRJX6gHL$75DSwBuOZFwSneeAB8wdWQ0V1wGZpshEtgQXvkHJY4k=", "last_login": null, "is_superuser": false, "username": "admin_test", "first_name": "", "last_name": "", "is_staff": false, "is_active": true, "date_joined": "2021-12-07T04:41:57.857Z", "email": "pesyquia@gmail.com", "coins": 24936, "groups": [], "user_permissions": []}}, {"model": "art.user", "pk": 2, "fields": {"password": "pbkdf2_sha256$260000$6vInlCPqvdyBWS0GHpluCA$HfeVqs5sR5R8BeebSw+NjLYBRBBq3apIW+Qc4X7zPnA=", "last_login": null, "is_superuser": false, "username": "ternaary", "first_name": "", "last_name": "", "is_staff": false, "is_active": true, "date_joined": "2021-12-12T21:11:53.088Z", "email": "tester@gmail.com", "coins": 12, "groups": [], "user_permissions": []}}, {"model": "art.user", "pk": 3, "fields": {"password": "pbkdf2_sha256$260000$p6dtWDA8GJJ7p2bDnSvWPL$Jmzp7mSZZdfu/hoaSzwczk/BwYPatT195nxib7Ug9kg=", "last_login": null, "is_superuser": false, "username": "pods888", "first_name": "", "last_name": "", "is_staff": false, "is_active": true, "date_joined": "2021-12-12T22:34:17.401Z", "email": "pods@no.net", "coins": 29898, "groups": [], "user_permissions": []}}, {"model": "art.user", "pk": 4, "fields": {"password": "pbkdf2_sha256$260000$cetzuBRZAppqaSCnxZh9NY$sThqdXoNKM3fZo0GfhyBRRJHdcIdmrQA/e/Ivc974FM=", "last_login": null, "is_superuser": false, "username": "test_user1", "first_name": "", "last_name": "", "is_staff": false, "is_active": true, "date_joined": "2021-12-13T21:37:18.673Z", "email": "test@test.net", "coins": 16701, "groups": [], "user_permissions": []}}, {"model": "art.user", "pk": 5, "fields": {"password": "pbkdf2_sha256$260000$9Wd7G8XaNFMPSfz6Fj7HL5$AiJDCW37sqFUl53/DDOQtKOwaTH7mOD4ILy5WDbTMts=", "last_login": null, "is_superuser": false, "username": "test_user2", "first_name": "", "last_name": "", "is_staff": false, "is_active": true, "date_joined": "2021-12-13T22:32:53.625Z", "email": "test@test2.net", "coins": 9300, "groups": [], "user_permissions": []}}, {"model": "art.own", "pk": 1, "fields": {"user": 3, "art": 73}}, {"model": "art.own", "pk": 2, "fields": {"user": 3, "art": 79}}, {"model": "art.own", "pk": 3, "fields": {"user": 3, "art": 83}}, {"model": "art.own", "pk": 4, "fields": {"user": 3, "art": 104}}, {"model": "art.own", "pk": 5, "fields": {"user": 3, "art": 64}}, {"model": "art.own", "pk": 6, "fields": {"user": 3, "art": 99}}, {"model": "art.own", "pk": 7, "fields": {"user": 1, "art": 67}}, {"model": "art.own", "pk": 8, "fields": {"user": 1, "art": 95}}, {"model": "art.own", "pk": 9, "fields": {"user": 1, "art": 68}}, {"model": "art.own", "pk": 10, "fields": {"user": 1, "art": 109}}, {"model": "art.own", "pk": 11, "fields": {"user": 1, "art": 98}}, {"model": "art.own", "pk": 12, "fields": {"user": 1, "art": 103}}, {"model": "art.own", "pk": 13, "fields": {"user": 1, "art": 75}}, {"model": "art.own", "pk": 14, "fields": {"user": 1, "art": 108}}, {"model": "art.own", "pk": 15, "fields": {"user": 1, "art": 84}}, {"model": "art.own", "pk": 16, "fields": {"user": 1, "art": 94}}, {"model": "art.own", "pk": 17, "fields": {"user": 1, "art": 70}}, {"model": "art.own", "pk": 18, "fields": {"user": 1, "art": 107}}, {"model": "art.own", "pk": 19, "fields": {"user": 1, "art": 77}}, {"model": "art.own", "pk": 20, "fields": {"user": 1, "art": 98}}, {"model": "art.own", "pk": 21, "fields": {"user": 1, "art": 86}}, {"model": "art.own", "pk": 22, "fields": {"user": 1, "art": 108}}, {"model": "art.own", "pk": 23, "fields": {"user": 1, "art": 97}}, {"model": "art.own", "pk": 24, "fields": {"user": 1, "art": 70}}, {"model": "art.own", "pk": 25, "fields": {"user": 1, "art": 68}}, {"model": "art.own", "pk": 26, "fields": {"user": 1, "art": 79}}, {"model": "art.own", "pk": 27, "fields": {"user": 1, "art": 71}}, {"model": "art.own", "pk": 28, "fields": {"user": 1, "art": 94}}, {"model": "art.own", "pk": 29, "fields": {"user": 1, "art": 105}}, {"model": "art.own", "pk": 30, "fields": {"user": 1, "art": 97}}, {"model": "art.own", "pk": 31, "fields": {"user": 1, "art": 101}}, {"model": "art.own", "pk": 32, "fields": {"user": 1, "art": 87}}, {"model": "art.own", "pk": 33, "fields": {"user": 1, "art": 66}}, {"model": "art.own", "pk": 34, "fields": {"user": 1, "art": 81}}, {"model": "art.own", "pk": 35, "fields": {"user": 1, "art": 74}}, {"model": "art.own", "pk": 36, "fields": {"user": 1, "art": 83}}, {"model": "art.own", "pk": 37, "fields": {"user": 1, "art": 70}}, {"model": "art.own", "pk": 38, "fields": {"user": 1, "art": 107}}, {"model": "art.own", "pk": 39, "fields": {"user": 1, "art": 82}}, {"model": "art.own", "pk": 40, "fields": {"user": 1, "art": 100}}, {"model": "art.own", "pk": 41, "fields": {"user": 1, "art": 87}}, {"model": "art.own", "pk": 42, "fields": {"user": 1, "art": 85}}, {"model": "art.own", "pk": 43, "fields": {"user": 1, "art": 103}}, {"model": "art.own", "pk": 44, "fields": {"user": 1, "art": 109}}, {"model": "art.own", "pk": 45, "fields": {"user": 1, "art": 78}}, {"model": "art.own", "pk": 46, "fields": {"user": 1, "art": 91}}, {"model": "art.own", "pk": 47, "fields": {"user": 1, "art": 90}}, {"model": "art.own", "pk": 48, "fields": {"user": 1, "art": 64}}, {"model": "art.own", "pk": 49, "fields": {"user": 1, "art": 87}}, {"model": "art.own", "pk": 50, "fields": {"user": 1, "art": 65}}, {"model": "art.own", "pk": 51, "fields": {"user": 1, "art": 98}}, {"model": "art.own", "pk": 52, "fields": {"user": 1, "art": 106}}, {"model": "art.own", "pk": 53, "fields": {"user": 1, "art": 85}}, {"model": "art.own", "pk": 54, "fields": {"user": 1, "art": 82}}, {"model": "art.own", "pk": 55, "fields": {"user": 1, "art": 97}}, {"model": "art.own", "pk": 56, "fields": {"user": 1, "art": 79}}, {"model": "art.own", "pk": 57, "fields": {"user": 1, "art": 97}}, {"model": "art.own", "pk": 58, "fields": {"user": 1, "art": 72}}, {"model": "art.own", "pk": 59, "fields": {"user": 1, "art": 81}}, {"model": "art.own", "pk": 60, "fields": {"user": 1, "art": 100}}, {"model": "art.own", "pk": 61, "fields": {"user": 1, "art": 108}}, {"model": "art.own", "pk": 62, "fields": {"user": 1, "art": 75}}, {"model": "art.own", "pk": 63, "fields": {"user": 1, "art": 86}}, {"model": "art.own", "pk": 64, "fields": {"user": 1, "art": 66}}, {"model": "art.own", "pk": 65, "fields": {"user": 1, "art": 3}}, {"model": "art.own", "pk": 66, "fields": {"user": 1, "art": 53}}, {"model": "art.own", "pk": 67, "fields": {"user": 1, "art": 45}}, {"model": "art.own", "pk": 68, "fields": {"user": 1, "art": 35}}, {"model": "art.own", "pk": 69, "fields": {"user": 1, "art": 16}}, {"model": "art.own", "pk": 70, "fields": {"user": 1, "art": 18}}, {"model": "art.own", "pk": 71, "fields": {"user": 1, "art": 7}}, {"model": "art.own", "pk": 72, "fields": {"user": 1, "art": 24}}, {"model": "art.own", "pk": 73, "fields": {"user": 1, "art": 44}}, {"model": "art.own", "pk": 74, "fields": {"user": 1, "art": 62}}, {"model": "art.own", "pk": 75, "fields": {"user": 1, "art": 33}}, {"model": "art.own", "pk": 76, "fields": {"user": 1, "art": 30}}, {"model": "art.own", "pk": 77, "fields": {"user": 1, "art": 40}}, {"model": "art.own", "pk": 78, "fields": {"user": 1, "art": 98}}, {"model": "art.own", "pk": 79, "fields": {"user": 1, "art": 78}}, {"model": "art.own", "pk": 80, "fields": {"user": 1, "art": 90}}, {"model": "art.own", "pk": 81, "fields": {"user": 1, "art": 69}}, {"model": "art.own", "pk": 82, "fields": {"user": 1, "art": 54}}, {"model": "art.own", "pk": 83, "fields": {"user": 1, "art": 23}}, {"model": "art.own", "pk": 84, "fields": {"user": 1, "art": 44}}, {"model": "art.own", "pk": 85, "fields": {"user": 1, "art": 31}}, {"model": "art.own", "pk": 86, "fields": {"user": 1, "art": 84}}, {"model": "art.own", "pk": 87, "fields": {"user": 1, "art": 15}}, {"model": "art.own", "pk": 88, "fields": {"user": 1, "art": 92}}, {"model": "art.own", "pk": 89, "fields": {"user": 1, "art": 20}}, {"model": "art.own", "pk": 90, "fields": {"user": 1, "art": 84}}, {"model": "art.own", "pk": 91, "fields": {"user": 1, "art": 88}}, {"model": "art.own", "pk": 92, "fields": {"user": 1, "art": 95}}, {"model": "art.own", "pk": 93, "fields": {"user": 1, "art": 94}}, {"model": "art.own", "pk": 94, "fields": {"user": 1, "art": 65}}, {"model": "art.own", "pk": 95, "fields": {"user": 1, "art": 105}}, {"model": "art.own", "pk": 96, "fields": {"user": 1, "art": 75}}, {"model": "art.own", "pk": 97, "fields": {"user": 1, "art": 107}}, {"model": "art.own", "pk": 98, "fields": {"user": 1, "art": 89}}, {"model": "art.own", "pk": 99, "fields": {"user": 1, "art": 93}}, {"model": "art.own", "pk": 100, "fields": {"user": 1, "art": 78}}, {"model": "art.own", "pk": 101, "fields": {"user": 1, "art": 102}}, {"model": "art.own", "pk": 102, "fields": {"user": 1, "art": 98}}, {"model": "art.own", "pk": 103, "fields": {"user": 1, "art": 73}}, {"model": "art.own", "pk": 104, "fields": {"user": 1, "art": 65}}, {"model": "art.own", "pk": 105, "fields": {"user": 1, "art": 85}}, {"model": "art.own", "pk": 106, "fields": {"user": 1, "art": 101}}, {"model": "art.own", "pk": 107, "fields": {"user": 1, "art": 89}}, {"model": "art.own", "pk": 108, "fields": {"user": 1, "art": 75}}, {"model": "art.own", "pk": 109, "fields": {"user": 1, "art": 96}}, {"model": "art.own", "pk": 110, "fields": {"user": 1, "art": 98}}, {"model": "art.own", "pk": 111, "fields": {"user": 1, "art": 71}}, {"model": "art.own", "pk": 112, "fields": {"user": 1, "art": 78}}, {"model": "art.own", "pk": 113, "fields": {"user": 1, "art": 64}}, {"model": "art.own", "pk": 114, "fields": {"user": 1, "art": 82}}, {"model": "art.own", "pk": 115, "fields": {"user": 1, "art": 105}}, {"model": "art.own", "pk": 116, "fields": {"user": 1, "art": 74}}, {"model": "art.own", "pk": 117, "fields": {"user": 1, "art": 82}}, {"model": "art.own", "pk": 118, "fields": {"user": 1, "art": 64}}, {"model": "art.own", "pk": 119, "fields": {"user": 1, "art": 65}}, {"model": "art.own", "pk": 120, "fields": {"user": 1, "art": 90}}, {"model": "art.own", "pk": 121, "fields": {"user": 1, "art": 86}}, {"model": "art.own", "pk": 122, "fields": {"user": 1, "art": 77}}, {"model": "art.own", "pk": 123, "fields": {"user": 1, "art": 73}}, {"model": "art.own", "pk": 124, "fields": {"user": 1, "art": 77}}, {"model": "art.own", "pk": 125, "fields": {"user": 1, "art": 79}}, {"model": "art.own", "pk": 126, "fields": {"user": 3, "art": 95}}, {"model": "art.own", "pk": 127, "fields": {"user": 4, "art": 94}}, {"model": "art.own", "pk": 128, "fields": {"user": 4, "art": 93}}, {"model": "art.own", "pk": 129, "fields": {"user": 4, "art": 80}}, {"model": "art.own", "pk": 130, "fields": {"user": 4, "art": 108}}, {"model": "art.own", "pk": 131, "fields": {"user": 4, "art": 91}}, {"model": "art.own", "pk": 132, "fields": {"user": 4, "art": 98}}, {"model": "art.own", "pk": 133, "fields": {"user": 4, "art": 68}}, {"model": "art.own", "pk": 134, "fields": {"user": 4, "art": 106}}, {"model": "art.own", "pk": 135, "fields": {"user": 1, "art": 101}}, {"model": "art.own", "pk": 136, "fields": {"user": 4, "art": 66}}, {"model": "art.own", "pk": 137, "fields": {"user": 4, "art": 88}}, {"model": "art.own", "pk": 138, "fields": {"user": 4, "art": 91}}, {"model": "art.own", "pk": 139, "fields": {"user": 4, "art": 97}}, {"model": "art.own", "pk": 140, "fields": {"user": 4, "art": 86}}, {"model": "art.own", "pk": 141, "fields": {"user": 4, "art": 64}}, {"model": "art.own", "pk": 142, "fields": {"user": 4, "art": 105}}, {"model": "art.own", "pk": 143, "fields": {"user": 4, "art": 92}}, {"model": "art.own", "pk": 144, "fields": {"user": 4, "art": 80}}, {"model": "art.own", "pk": 145, "fields": {"user": 4, "art": 85}}, {"model": "art.own", "pk": 146, "fields": {"user": 4, "art": 94}}, {"model": "art.own", "pk": 147, "fields": {"user": 4, "art": 103}}, {"model": "art.own", "pk": 148, "fields": {"user": 4, "art": 36}}, {"model": "art.own", "pk": 149, "fields": {"user": 4, "art": 37}}, {"model": "art.own", "pk": 150, "fields": {"user": 4, "art": 60}}, {"model": "art.own", "pk": 151, "fields": {"user": 4, "art": 30}}, {"model": "art.own", "pk": 152, "fields": {"user": 4, "art": 20}}, {"model": "art.own", "pk": 153, "fields": {"user": 4, "art": 1}}, {"model": "art.own", "pk": 154, "fields": {"user": 4, "art": 27}}, {"model": "art.own", "pk": 155, "fields": {"user": 4, "art": 55}}, {"model": "art.own", "pk": 156, "fields": {"user": 4, "art": 27}}, {"model": "art.own", "pk": 157, "fields": {"user": 4, "art": 51}}, {"model": "art.own", "pk": 158, "fields": {"user": 4, "art": 89}}, {"model": "art.own", "pk": 159, "fields": {"user": 4, "art": 78}}, {"model": "art.own", "pk": 160, "fields": {"user": 5, "art": 82}}, {"model": "art.own", "pk": 161, "fields": {"user": 5, "art": 70}}, {"model": "art.own", "pk": 162, "fields": {"user": 5, "art": 92}}, {"model": "art.own", "pk": 163, "fields": {"user": 5, "art": 67}}, {"model": "art.own", "pk": 164, "fields": {"user": 5, "art": 103}}, {"model": "art.own", "pk": 165, "fields": {"user": 5, "art": 90}}, {"model": "art.own", "pk": 166, "fields": {"user": 5, "art": 76}}, {"model": "art.own", "pk": 167, "fields": {"user": 1, "art": 79}}, {"model": "art.own", "pk": 168, "fields": {"user": 1, "art": 65}}, {"model": "art.own", "pk": 169, "fields": {"user": 1, "art": 69}}, {"model": "art.own", "pk": 170, "fields": {"user": 1, "art": 64}}, {"model": "art.own", "pk": 171, "fields": {"user": 1, "art": 103}}, {"model": "art.own", "pk": 172, "fields": {"user": 1, "art": 97}}, {"model": "art.own", "pk": 173, "fields": {"user": 1, "art": 67}}, {"model": "art.own", "pk": 174, "fields": {"user": 1, "art": 102}}, {"model": "art.own", "pk": 175, "fields": {"user": 1, "art": 107}}, {"model": "art.own", "pk": 176, "fields": {"user": 1, "art": 100}}, {"model": "art.own", "pk": 177, "fields": {"user": 1, "art": 75}}, {"model": "art.own", "pk": 178, "fields": {"user": 1, "art": 75}}, {"model": "art.own", "pk": 179, "fields": {"user": 1, "art": 68}}, {"model": "art.own", "pk": 180, "fields": {"user": 1, "art": 85}}, {"model": "art.own", "pk": 181, "fields": {"user": 1, "art": 92}}, {"model": "art.own", "pk": 182, "fields": {"user": 1, "art": 88}}, {"model": "art.sale", "pk": 12, "fields": {"seller": 1, "buyer": null, "ownership": 90, "art": 84, "price": 68, "available": true, "sold": false, "postDate": "2021-12-12T03:04:04.602Z", "purchaseDate": null}}, {"model": "art.sale", "pk": 13, "fields": {"seller": 1, "buyer": 3, "ownership": 13, "art": 75, "price": 20, "available": false, "sold": true, "postDate": "2021-12-12T03:14:50.156Z", "purchaseDate": "2021-12-13T01:47:57.101Z"}}, {"model": "art.sale", "pk": 15, "fields": {"seller": 2, "buyer": 3, "ownership": 97, "art": 107, "price": 10, "available": false, "sold": true, "postDate": "2021-12-12T21:15:02.021Z", "purchaseDate": "2021-12-13T01:47:07.577Z"}}, {"model": "art.sale", "pk": 16, "fields": {"seller": 1, "buyer": 3, "ownership": 1, "art": 73, "price": 1, "available": false, "sold": true, "postDate": "2021-12-13T01:46:34.777Z", "purchaseDate": "2021-12-13T01:46:55.941Z"}}, {"model": "art.sale", "pk": 17, "fields": {"seller": 1, "buyer": 3, "ownership": 2, "art": 79, "price": 1, "available": false, "sold": true, "postDate": "2021-12-13T01:46:37.647Z", "purchaseDate": "2021-12-13T01:46:59.648Z"}}, {"model": "art.sale", "pk": 19, "fields": {"seller": 3, "buyer": 1, "ownership": 1, "art": 73, "price": 1, "available": false, "sold": true, "postDate": "2021-12-13T01:48:38.118Z", "purchaseDate": "2021-12-13T01:50:57.466Z"}}, {"model": "art.sale", "pk": 20, "fields": {"seller": 3, "buyer": 1, "ownership": 13, "art": 75, "price": 1, "available": false, "sold": true, "postDate": "2021-12-13T01:48:41.051Z", "purchaseDate": "2021-12-13T01:51:17.490Z"}}, {"model": "art.sale", "pk": 21, "fields": {"seller": 3, "buyer": 1, "ownership": 97, "art": 107, "price": 1, "available": false, "sold": true, "postDate": "2021-12-13T01:48:43.101Z", "purchaseDate": "2021-12-13T01:51:05.737Z"}}, {"model": "art.sale", "pk": 22, "fields": {"seller": 1, "buyer": 3, "ownership": 6, "art": 99, "price": 2, "available": false, "sold": true, "postDate": "2021-12-13T01:49:00.773Z", "purchaseDate": "2021-12-13T01:53:11.825Z"}}, {"model": "art.sale", "pk": 23, "fields": {"seller": 3, "buyer": 1, "ownership": 2, "art": 79, "price": 30000, "available": false, "sold": true, "postDate": "2021-12-13T01:49:36.203Z", "purchaseDate": "2021-12-13T01:49:46.144Z"}}, {"model": "art.sale", "pk": 24, "fields": {"seller": 1, "buyer": 3, "ownership": 2, "art": 79, "price": 1, "available": false, "sold": true, "postDate": "2021-12-13T01:51:32.968Z", "purchaseDate": "2021-12-13T01:54:42.164Z"}}, {"model": "art.sale", "pk": 25, "fields": {"seller": 1, "buyer": 3, "ownership": 1, "art": 73, "price": 1, "available": false, "sold": true, "postDate": "2021-12-13T01:52:31.662Z", "purchaseDate": "2021-12-13T01:54:43.645Z"}}, {"model": "art.sale", "pk": 26, "fields": {"seller": 1, "buyer": 3, "ownership": 3, "art": 83, "price": 1, "available": false, "sold": true, "postDate": "2021-12-13T01:52:37.849Z", "purchaseDate": "2021-12-13T01:54:29.576Z"}}, {"model": "art.sale", "pk": 27, "fields": {"seller": 1, "buyer": 3, "ownership": 4, "art": 104, "price": 1, "available": false, "sold": true, "postDate": "2021-12-13T01:52:40.968Z", "purchaseDate": "2021-12-13T01:54:49.119Z"}}, {"model": "art.sale", "pk": 28, "fields": {"seller": 1, "buyer": 3, "ownership": 5, "art": 64, "price": 1, "available": false, "sold": true, "postDate": "2021-12-13T01:52:58.668Z", "purchaseDate": "2021-12-13T02:42:46.093Z"}}, {"model": "art.sale", "pk": 29, "fields": {"seller": 3, "buyer": null, "ownership": 3, "art": 83, "price": 100, "available": true, "sold": false, "postDate": "2021-12-13T05:47:38.401Z", "purchaseDate": null}}, {"model": "art.sale", "pk": 30, "fields": {"seller": 3, "buyer": null, "ownership": 4, "art": 104, "price": 11, "available": true, "sold": false, "postDate": "2021-12-13T05:47:42.327Z", "purchaseDate": null}}, {"model": "art.sale", "pk": 31, "fields": {"seller": 3, "buyer": null, "ownership": 5, "art": 64, "price": 10, "available": true, "sold": false, "postDate": "2021-12-13T05:47:45.926Z", "purchaseDate": null}}, {"model": "art.sale", "pk": 32, "fields": {"seller": 1, "buyer": null, "ownership": 15, "art": 84, "price": 150, "available": true, "sold": false, "postDate": "2021-12-13T21:35:29.578Z", "purchaseDate": null}}, {"model": "art.sale", "pk": 33, "fields": {"seller": 1, "buyer": 4, "ownership": 19, "art": 77, "price": 1, "available": false, "sold": true, "postDate": "2021-12-13T21:35:35.861Z", "purchaseDate": "2021-12-13T21:37:51.864Z"}}, {"model": "art.sale", "pk": 34, "fields": {"seller": 1, "buyer": null, "ownership": 75, "art": 33, "price": 500, "available": true, "sold": false, "postDate": "2021-12-13T21:36:05.139Z", "purchaseDate": null}}, {"model": "art.sale", "pk": 35, "fields": {"seller": 1, "buyer": null, "ownership": 89, "art": 20, "price": 20, "available": true, "sold": false, "postDate": "2021-12-13T21:36:10.977Z", "purchaseDate": null}}, {"model": "art.sale", "pk": 36, "fields": {"seller": 4, "buyer": 1, "ownership": 19, "art": 77, "price": 20000, "available": false, "sold": true, "postDate": "2021-12-13T21:37:58.386Z", "purchaseDate": "2021-12-13T21:38:09.537Z"}}, {"model": "art.sale", "pk": 37, "fields": {"seller": 4, "buyer": null, "ownership": 128, "art": 93, "price": 100, "available": true, "sold": false, "postDate": "2021-12-13T21:39:48.976Z", "purchaseDate": null}}, {"model": "art.sale", "pk": 38, "fields": {"seller": 4, "buyer": null, "ownership": 129, "art": 80, "price": 50, "available": true, "sold": false, "postDate": "2021-12-13T21:39:55.418Z", "purchaseDate": null}}, {"model": "art.sale", "pk": 39, "fields": {"seller": 4, "buyer": null, "ownership": 132, "art": 98, "price": 50, "available": true, "sold": false, "postDate": "2021-12-13T21:40:07.237Z", "purchaseDate": null}}, {"model": "art.sale", "pk": 40, "fields": {"seller": 4, "buyer": 5, "ownership": 135, "art": 101, "price": 1, "available": false, "sold": true, "postDate": "2021-12-13T22:31:57.648Z", "purchaseDate": "2021-12-13T22:34:22.387Z"}}, {"model": "art.sale", "pk": 42, "fields": {"seller": 5, "buyer": 1, "ownership": 135, "art": 101, "price": 10000, "available": false, "sold": true, "postDate": "2021-12-13T22:34:56.902Z", "purchaseDate": "2021-12-13T22:35:09.578Z"}}, {"model": "art.sale", "pk": 43, "fields": {"seller": 1, "buyer": null, "ownership": 10, "art": 109, "price": 1000, "available": true, "sold": false, "postDate": "2021-12-13T23:12:37.987Z", "purchaseDate": null}}]